name,city,brand,address,description,location,latitude,longitude,contactno,workinghoursfrom,workinghoursto,shopclosedon,email
Adidas,Mumbai ,Adidas,"#346A, 2nd Floor, Saffron Linking Road",,Khar West,19.070732,72.834341,022-66939971,,,,www.adidas.co.in
Adidas,Mumbai ,Adidas,"Shop No. 537, Ground Floor, Deepjyothi Building, Linking Road",,Khar West,19.066414,72.834143,022-26490752,,,,www.adidas.co.in
Adidas,Mumbai ,Adidas,"1 & 2, YORK HOUSE,OPP.ELECTRIC HOUSE",,Colaba Causeway,18.929644,72.829944,022-22822737,,,,www.adidas.co.in
Adidas,Mumbai ,Adidas,"2,Gordhandas Mansion, Dr.Ambedkar Road,",,Parel,18.999574,72.837797,022-65055617,,,,www.adidas.co.in
Adidas,Mumbai ,Adidas,"16-Anand Esate,189/A, Sane Guruji Marg ",,Chinchpokli,18.993169,72.839316,,,,,www.adidas.co.in
Adidas,Mumbai ,Adidas,"SHOP NO 1 , MANAV BHARATI CO-OP HSG SOCIETY , 212, SV ROAD",,Andheri West,19.166633,72.845982,022-28788883,,,,www.adidas.co.in
Adidas,Mumbai ,Adidas,"AVIRAHI,NEXT TO STAR APMTS, S.V. ROAD",,Borivali West,19.222078,72.853544,022-28635727,,,,www.adidas.co.in
Adidas,Mumbai ,Adidas,"SHOP 3,4,ATUR PARK,SHIV PARVATI HSG.SOC.,",,Chembur,19.05049,72.904488,022-67701869,,,,www.adidas.co.in
Adidas,Mumbai ,Adidas,"SHOP NO.3,4,KALASH VAIBHAV, PLOT 21, SEC-11",,Koperkhirne,19.094099,73.005909,,,,,www.adidas.co.in
Adidas,Mumbai ,Adidas,"27,Cresent House,S.B.S Road, Opp.Bnk of Baroda",,Colaba,18.923185,72.831789,022-22021581,,,,www.adidas.co.in
Adidas,Mumbai ,Adidas,,,Mulund West,19.166187,72.937489,,,,,www.adidas.co.in
Adidas,Mumbai ,Adidas,"Shop No 2, Paras Nath Darshan Building, Ram Maruti Road",,Thane ,19.189423,72.972305,022-66730622,,,,www.adidas.co.in
Adidas,Mumbai ,Adidas,,,Thane ,19.230374,72.976545,,,,,www.adidas.co.in
Adidas,Mumbai ,Adidas,"Ashoka Shopping Centre, Shop #8, 9, 10, S.V. Road",,Goregaon West,19.166639,72.845981,022-28788883,,,,www.adidas.co.in
Adidas,Mumbai ,Adidas,"�#B/11, Caveri Building, Sector, 17",,Vashi,19.071475,73.000481,022-27892403,,,,www.adidas.co.in
Adidas,Ahemdabad,Adidas,"C G Road, Agarwal Complex , Municipal Market , Navrangpura, 380009, Ahemdabad , India",,,23.04093,72.558932,,,,,
Adidas,Ahemdabad,Adidas,"Mani Nagar, Sidhpura Complex, Opposite Vijaya Bank, Maninagar, 380008, Ahmedabad, India",,,22.99617,72.599584,,,,,
Adidas,Ahemdabad,Adidas,"VisatVisatGandhinagar Highway,Near D Mart, Visat Gandhinagar Highway, Motera, 380005, Ahemdabad,India",,,23.107683,72.596336,,,,,
Adidas,Pune,Adidas,"Moledina Road, Shop No. 12 , Sterling building 11, Modelina Road, 411001, Pune ",,,18.52043,73.856744,,,,,
Adidas,Pune,Adidas,"J M Road  , Pune 411004",,,18.521182,73.95752,9822840252,,,,
Adidas,Pune,Adidas,"M G Road, 318 , Near Central Bank , Camp , Pune 411001",,,18.60518,73.874589,020-26126107,,,,
Adidas,Pune,Adidas,"Kothrud , 411038 Pune ",,,18.516569,73.803675,,,,,
Adidas,Pune,Adidas,"Anudh, Pune 411007",,,18.557402,73.809557,,,,,
Adidas,Pune,Adidas,"Chinchwad Shop No.1, Ground Floor , Pune 411017",,,18.635972,73.796138,,,,,
Adidas,Hyderabad,Adidas,"Jubilee Hill Road No.36, Plot no-1259/A, 500033-Hyderabad",,,17.43817,78.399375,040-25340853,,,,
Adidas,Hyderabad,Adidas,"120 & 102/1 , Jubilee Hills Road No. 36 , Randa Reddy District, 500033,Hyderabad",,,17.427531,78.439451,,,,,
Adidas,Hyderabad,Adidas,"Shop No.12 , First Floor , GVK Mall, Banjara Hills , Hydrabad , 500034",,,17.419408,78.448471,040-23313669,,,,
Adidas,Hyderabad,Adidas,"5-80543 , Besides Santosh Sapna Theater , Adibs , 500001 , Hyderabad",,,17.385044,78.486671,,,,,
Adidas,Hyderabad,Adidas,"Himayat Nagar Road , 500029 , Hyderabad",,,17.402148,78.48388,,,,,
Adidas,Hyderabad,Adidas,"Plot No.24, Opposite Rainbow Mall, Karkhana, 500015, Hyderabad",,,17.462426,78.502186,,,,,
Adidas,Hyderabad,Adidas,"Plot No.40, Hanuman Nagar , Chaitanyapuri , Gaddiannaram, Dilsukhnagar , 500060 , Hyderabad",,,17.37186,78.548579,,,,,
Adidas,Hyderabad,Adidas,"LIG-B6, Kiel's Plaza, Main Road, Opposite Axis Bank, Dr, AS Rao Nagar, ECIL, 500062,Hyderabad",,,17.385044,78.486671,,,,,
Adidas,Hyderabad,Adidas,"Shop No.2,Plot No. 30/1 and 30/2, Double Side, Prashantji Nagar, 500070, Hyderabad",,,,,,,,,
Adidas,Jaipur,Adidas,"G-30/10, Salai Road, Dingual-624001",,,,,,,,,
Adidas,Jaipur,Adidas,"Shop No. 24,25,26, Crystal Palm, C-Scheme, Sahkar Circle,302001, Jaipur",,,,,,,,,
Adidas,Jaipur,Adidas,"VT Road Shop No. 4 & 9, Madhyam Marg, 302020, Jaipur",,,,,,,,,
Adidas,Jaipur,Adidas,"Triton Mall, Shop No.33, 302012, Jaipur",,,26.912434,75.787271,,,,,
Adidas,Delhi,Adidas,"N-45,Pratap Building , Connaught Circus , Delhi 110001",,Delhi,,,011-41523619,,,,
Adidas,Delhi,Adidas,"Shipra Mall, 82 & 83, Vaibhav Khand, Indira Puram , Ghaziabad -201014",,Ghaziabad,28.641485,77.371386,0120-2531675,,,,
Adidas,Delhi,Adidas,"93, Sector 32A , Gurgaon - 122001",,Gurgaon,,,0124-4569100,,,,
Adidas,Delhi,Adidas,"1602, Main Market, Rani Bagh, Delhi - 110034",,Delhi,,,011-47009247,,,,
Adidas,Delhi,Adidas,"11433, GT Road, Shakti Nagar, Delhi-110007",,,,,011-47095210,,,,
Adidas,Delhi,Adidas,"Crown Interiorz Mall, 42-43, Ground Floor, Delhi - Mathura Road, Fariadabad - 121003",,Faridabad,,,0129-4142351,,,,
Adidas,Delhi,Adidas,"M-45, Greater Kailash Part 1, Delhi - 110048",,Delhi,,,011-41632905,,,,
Adidas,Delhi,Adidas,"C-14, Lajpat Nagar 2 , Delhi - 110024",,Delhi,,,011-45562669,,,,
Adidas,Delhi,Adidas,"36B, Lodhi Colony , Delhi - 110003",,Delhi,,,011-41757056,,,,
Adidas,Delhi,Adidas,"C-3, Malviya Nagar, Delhi-110017",,Delhi,,,011-40571803,,,,
Adidas,Delhi,Adidas,"City Centre Mall, 2 , Under Ground Floor , Mehrauli Gurgaon Road, Gurgaon - 122001",,Gurgaon,28.47889,77.080729,0124-4062825,,,,
Adidas,Delhi,Adidas,"5, Community Center, Saket, Delhi-110017",,Saket,,,011-41671477,,,,
Adidas,Delhi,Adidas,"G-20 South Extension Part 1, Delhi - 110049",,Delhi,,,011-41646638,,,,
Adidas,Delhi,Adidas,"48/1, Basant Lok, Vasant Vihar, Delhi-110057",,Delhi,,,011-26145425,,,,
Adidas,Delhi,Adidas,"2, Shankar Vihar, Vikas Marg, Delhi- 110088",,Delhi,,,011-27151343,,,,
Adidas,Bangalore,Adidas,"2001, 100 Feet Road, HAL 2nd Stage, Indira Nagar, Bangalore-560038",,"Bangalore, Indira Nagar",,,080-41154829,,,,
Adidas,Bangalore,Adidas,"4,100 Feet Ring Road, BTM 1st Stage, Bangalore - 560076",,Bangalore,,,080-41500774,,,,
Adidas,Bangalore,Adidas,"2, Touch Stone Building, 1st Floor, Infantry Road, Bangalore - 560001",,Bangalore,,,080-25590673,,,,
Adidas,Bangalore,Adidas,"2, Kukreja Towers, Groud Floor, 11th Main, Jaya Nagar 3rd Block, Bangalore - 560011",,Bangalore,,,080-41307168,,,,
Adidas,Bangalore,Adidas,"8, ITI Employee Colony, New BEL Road, Bangalore - 560094",,Bangalore,,,080-41674589,,,,
Adidas,Bangalore,Adidas,"10, HMT Layout, R.T.Nagar , Bangalore 560032",,Bangalore,,,080-23545537,,,,
Adidas,Bangalore,Adidas,"1737, 17th cross, Magadi Road, Vijaya Nagar, Bangalore-560040",,Bangalore,,,080-41519729,,,,
Adidas,Bangalore,Adidas,"Cosmos Mall,05,1st Floor, Whitefield Main Road, Brookefield, Bangalore-560066",,Bangalore,12.966036,77.717866,080-41604223,,,,
Nike,Mumbai ,Nike,"No-33, City Walk House, Opposite Bank Of Baroda, Colaba Causeway",,Colaba,18.923136,72.831779,022-22834013,,,,www.nike.com
Nike,Mumbai ,Nike,"Near Regal Cinema, Colaba causeway,apollo bundar",,Colaba,18.92467,72.832333,022-22027825,,,,www.nike.com
Nike,Mumbai ,Nike,"122,Ruby Terrace, Shop No.1,Opp. Central Railway Ground, Dr Babasaheb Ambedkar Rd",,Parel,18.999894,72.837992,022-24180745,,,,www.nike.com
Nike,Mumbai ,Nike,"Shop No 9, 10 Empire Mahal",,Dadar T.T,19.000869,72.838135,022-32013312,,,,www.nike.com
Nike,Mumbai ,Nike,Globe Mill Road,,Lower Parel,19.006222,72.826622,8527355364,,,,www.nike.com
Nike,Mumbai ,Nike,"Shop No 4 & 5, Atur Park,Shiv Parvati Co- Op Soc Ltd,Sion Trombay Road",,Chembur,19.050235,72.90504,022-67253105,,,,www.nike.com
Nike,Mumbai ,Nike,Linking Road Khar West,,Khar West,19.06808,72.833389,022-26051269,,,,www.nike.com
Nike,Mumbai ,Nike,"2/706 Shyamvikas, Linking Road",,Khar West,19.071787,72.834245,022-26051269,,,,www.nike.com
Nike,Delhi,Nike,"SSIPL Retail ltd. Shop No. G 70 and 71,(SM3) Ground floor, V3S, East sentre mall, Laxmi Nagar, New Delhi - 110092",,,28.630677,77.277619,,,,,
Nike,Delhi,Nike,"25 Defence Enclave, Opposite Preet Vihar Petrol Pump, New Delhi - 110092",,,28.636221,77.292233,011-22500315/16,,,,
Nike,Delhi,Nike,"SSIPL Retail Ltd. Shop number 26, B Block, A connaught Place, New Delhi-110001",,,28.634274,77.219102,011-41502012,,,,
Nike,Delhi,Nike,"Shop # F-21 Inner Circle, Connaught place, New Delhi - 110001",,,28.63286,77.218413,011-43074670,,,,
Nike,Delhi,Nike,"SSIPL Retail Pvt Ltd. Shop No. 41-B, Grnd Floor, Khan Market, New Delhi - 110003",,,28.599866,77.224535,011-42512125,,,,
Nike,Delhi,Nike,"Shop No.19B, Grnd Floor, Khan Market, New Delhi - 110003",,,28.599866,77.224535,011-43587124,,,,
Nike,Delhi,Nike,"41 UA, Jawahar Nagar, Kamla Nagar - 110007",,,28.680104,77.208015,011-43465268,,,,
Nike,Delhi,Nike,"Shop No. 4/64, Old Rajinder Nagar, Shankar Road , New Delhi - 110060",,,28.638949,77.179349,011-45087125,,,,
Nike,Delhi,Nike,"SSIPL Retail Pvt Ltd. SNO.2000 @ Qutram Lines, Kingsway Camp, New Delhi - 110009",,,28.697557,77.198837,011-47014147,,,,
Nike,Delhi,Nike,"My Store Pvt Ltd, C - 10, Lajpat Nagar, New Delhi - 110024",,,28.578984,77.244039,011-41020505,,,,
Nike,Delhi,Nike,"G-11 South Extension Part 1, New Delhi - 110019",,,28.573291,77.221942,011-46014835,,,,
Nike,Delhi,Nike,"10 A, Deep Enclave Pocket - D, Ashok Vihar, Phase 3, New Delhi - 110052",,,28.691031,77.177453,011-47068773,,,,
Nike,Delhi,Nike,"SSIPL Retail Ltd. Shop No. 86, Sarojini Nagar Market, New Delhi - 110023",,,28.577267,77.196322,011-26880001,,,,
Nike,Delhi,Nike,"Shop 205, Spice World Mall, 1st floor, Plot # 1/2 Sector 25 A, Noida - 201301",,,28.635308,77.22496,0120-4338807,,,,
Nike,Delhi,Nike,"C-17 Sector 18 , Noida - 201301",,,28.570183,77.325032,0120-4251055,,,,
Nike,Delhi,Nike,"Shop NoG - 60, Sector - 18 , Noida Delhi(NCR) 201301",,,28.58212,77.326699,0120-4281818,,,,
Nike,Delhi,Nike,"Shop No. 9, NWA Club Road Punjabi Bagh Extension, New Delhi - 110026",,,28.666906,77.118325,011-45380561,,,,
Nike,Delhi,Nike,"F-124 Main Market Rajouri Garden, New Delhi - 110017",,,28.64423,77.122024,011-42680207,,,,
Nike,Delhi,Nike,"D-12, Ground Floor, Sector 8, Rohini, New Delhi - 110085 Delhi - 110085",,,28.716628,77.113998,011-47016328,,,,
Nike,Delhi,Nike,"G-5, II ND- C,  1st floor, Janak Place, Janak Puri, District Center, New Delhi- 110058",,,28.620123,77.093858,011-45613962,,,,
Nike,Delhi,Nike,"G-11, Crown Interios Mall, NH-2 Mathura Road Faridabad, Haryana - 121003 delhi(NCR)",,,28.462795,77.307647,0129-4161161,,,,
Nike,Delhi,Nike,"Shop No. G-2, Ground Floor, Vikas Surya Galaxy, Plot No.9 Central Market, Sector-4 Dwarka, New Delhi - 110075",,,28.597758,77.062574,011-45543620,,,,
Nike,Delhi,Nike,"SSIPL Retail Ltd. Sain House, Delhi Road Model Town Opposite Jeevan Eye Hospital, Rohtak-124001",,,28.8909,76.5796,,,,,
Nike,Ahemdabad,Nike,"SSIPL Retail Ltd. Shop No. GF-1, Shopper Plaza - III, C.G. Road, Opposite Municipal Market, Ahemdabad-380009",,,,,,,,,
Nike,Ahemdabad,Nike,"Arvindbhai Avenue, Ground Floor, Near Citi Bank, Opposite Associated Petrol Pump, CG Road, Ahemdabad - 380009",,,23.033167,72.558704,079-40022723,,,,
Nike,Ahemdabad,Nike,"Swapnil 5 Shop Number 10, Near Commerce Six Roads, Navrangpura Ahemdabad - 380009",,,23.036601,72.56505,079-40086731,,,,
Nike,Ahemdabad,Nike,"SSIPL retail Ltd. G/F, Satgure Complex, Opp, Silicon Velly, Nr. Shivranjini Cross Road, Satellite, Ahemdabad, Gujraat - 380006",,,,,079-40322021,,,,
Nike,Ahemdabad,Nike,"Unit No. F 4, Gulmohar Park, SG Highway, Satellite Road, Ahemdabad - 380006",,,,,079-400226806,,,,
Nike,Ahemdabad,Nike,"SAFFRON LIFESTYLE TRADERS PVT LTD - NIKE-SHOP NO-2,SHANGRILLA ARCADE, 100 FT ROAD, NR SHYAMAL CROSS ROADS,AHMEDABAD -380015",,,23.022505,72.571362,079-40088706,,,,
Nike,Bangalore,Nike,"Shop # 2014,100 FT. Road, Hall II Stage, Indirangar, Bangalore-500008",,,,,080-65702185,,,,
Nike,Bangalore,Nike,"SSIPL retail Ltd. Shop No- 744, SSS Complex, 80 Feet Road, 4TH Block, Kormangala, Bangalore - 560095",,,,,,,,,
Nike,Bangalore,Nike,"SSIPL Retail Ltd.1 ""MG ROAD"" 1/2, Swami Vivekanada Road, Bangalore, 560008",,,,,080-22086521,,,,
Nike,Bangalore,Nike,"A-206, Garuda Mall, Magrath Road, Ashok Nagar, Bangalore-560025",,,12.969937,77.609,080-66641027,,,,
Nike,Bangalore,Nike,"Shop No. 141, Commercial Street, Bangalore - 560001",,,12.98238,77.608001,080-41464085,,,,
Nike,Bangalore,Nike,"Shop No. A 41, Commercial Street, Bangalore - 560001",,,12.982299,77.607896,080-41984781,,,,
Nike,Bangalore,Nike,"16/2, Brigade Road, Bangalore - 560025",,,12.972483,77.607124,080-40992898,,,,
Nike,Bangalore,Nike,"No 780 16th Main BTM Layout Udipi Garden Road, Bangalore 560076",,,12.88282,77.602057,080-42092049,,,,
Nike,Bangalore,Nike,"4-3/2, GF, Shubhasri Mahendra Towers, 11th Main Road, 3rd Block, Jaya Nagar, Bangalore - 560029",,,12.930964,77.604922,080-40988114,,,,
Nike,Bangalore,Nike,"49/1, Khaneja Bhawan, Race Course Road, Bangalore - 560001",,,12.983971,77.57844,080-41464082,,,,
Nike,Bangalore,Nike,"Site No.4, HMT Layout, R T Nagara, Main Road, Bangalore - 560032",,,13.026762,77.599192,080-41641260,,,,
Nike,Bangalore,Nike,"Hyperretail, No-192-Grouing Floor, RMV 2nd Stage, Bangalore - 500094",,,,,080-40905014,,,,
Nike,Bangalore,Nike,"No. 17/174, 17th Cross, MRC Layout, Vijayanagar, Bangalore - 560040",,,12.97301,77.538328,080-41611492,,,,
Nike,Hyderabad,Nike,"SSIPL Retail Ltd. 7-81/1, Zaheer Nagar Colony, Main Road, Hadsiguda, Hyderabad - 500007",,,17.413518,78.537691,040-31001848,,,,
Nike,Hyderabad,Nike,"Plot No.30 At Old Vasavi Nagar, Karkhyana Main Road, Secunderabad - 500015",,,17.488578,78.501882,040-40189967,,,,
Nike,Hyderabad,Nike,"Fairview Plaza, Shop No. 3-6-386, Himayat Nagar, Hyderabad-500029",,,17.403814,78.479312,040-42627690,,,,
Nike,Hyderabad,Nike,"H No 1-10-72/A/2, Pochampally House, S D Road, Begumpeth, Hyderabad - 500016",,,17.44384,78.458143,040-40163119,,,,
Nike,Hyderabad,Nike,"# 6-3-344/A/4-5-6, Ground Floor, Cupid Curve, Road 1, Banjara Hills Hyderabad - 500034",,,,,040-23378821,,,,
Nike,Hyderabad,Nike,"Shop No - 1,2,3,4,5,Sanali Arcade, 8-2-270/1,8-2-271/2&82-2-272, Road No - 2, Banjara Hills, Hyderabad - 500034",,,17.416471,78.438247,040-30283088,,,,
Nike,Hyderabad,Nike,"Plot No - 798, Hansa Plaza, Road Number 36, Jublee Hills , hyderabad - 560033",,,17.433854,78.403752,040-69998800,,,,
Nike,Hyderabad,Nike,"8-2-293/82/A/7 & 714/1, Ward - 8, road No. 36, Jublee Hills, Hyderabad - 500033",,,17.428865,78.401286,,,,,
Nike,Jaipur,Nike,"SSIPL retail Ltd. Plot No. A1, Jawahar Nagar Colony, Tonk Road, Jaipur - 302018",,,26.868654,75.794786,,,,,
Nike,Jaipur,Nike,"SSIPL Retail Ltd. GF & FF, Sanghi Building, Opp. Bharat Petroleum Pump, MI Road, Jaipur - 302001",,,26.917349,75.809814,0141-4039708,,,,
Nike,Jaipur,Nike,"SSIPL Retail Ltd. Shop No. 9 & 10, Ground Floor, Gaurav Tower, Malviya Nagar, Jaipur-302017",,,26.838581,75.824027,0141-40110045,,,,
Nike,Jaipur,Nike,"Shop #14 & 15 First Floor, MGF Metropolitian Mall, Opposite Nehru Sahakar Bhawan, Bais Godom Jaipur - 302001",,,26.912434,75.787271,0141-4033920,,,,
Nike,Jaipur,Nike,"SSIPL Retail Ltd. Shop No. 4A, Grnd Floor, RSEB Colony, Gautam Marg, Vaishali Nahar, Jaipur-302021",,,26.90882,75.754592,0141-4005405,,,,
Puma,Mumbai ,Puma,"Fern House, Opp Electric House, Colaba Causeway, Apollo Bundar",,,18.921574,72.831201,022-22852282,,,,www.puma.com
Puma,Mumbai ,Puma,"Dr.Babasaheb Ambedkar Road,Krishnagar",,,19.000893,72.838273,022-24122717,,,,www.puma.com
Puma,Mumbai ,Puma,"Suushmore Bldng, Vithalbhai Patel Road",,,19.071488,72.834289,022-66710973,,,,www.puma.com
Puma,Delhi,Puma,"No.M-19, greater Kailash M block Main Market, part -1 -78 -  new Delhi - 110048",,,28.551523,77.237268,011-46534302,,,,
Puma,Delhi,Puma,"Shop no - 42 New Delhi, India - 110003",,,28.628126,77.329834,,,,,
Puma,Delhi,Puma,"Shop no's - 172, First Floor, Unitech Mall, Opp Atta market, Sector - 38A Noida. Up - 83 - New Delhi-201301",,,28.58212,77.326699,011-204245344,,,,
Puma,Delhi,Puma,"Puma Store Shop no. BG- 80- New Delhi, India - 110049",,,28.54655,77.305972,011-46037890,,,,
Puma,Delhi,Puma,"UB-11, Bunglow Road, Kamla Nagar - 85 - New Delhi, India 110007",,,28.683638,77.204605,011-47046678,,,,
Puma,Delhi,Puma,"Lajpath Nagar 2, Delhi - 110024",,,28.569272,77.244107,,,,,
Puma,Delhi,Puma,E-32 south extension part - 2- 69 - new delhi 110049,,,28.564727,77.218959,011-46038415,,,,
Puma,Delhi,Puma,"Rajouri Garden, flyover New Delhi 110027",,,28.649095,77.125413,,,,,
Puma,Delhi,Puma,"Brij Puri, Shahdara , new delhi 110092",,,28.705199,77.271405,,,,,
Puma,Delhi,Puma,"Garden flyover, Rajouri Garden - 71 - New delhi 110027",,,28.614936,77.107356,011-42131851,,,,
Puma,Delhi,Puma,"Rajouri Garden,-82-new delhi 110027",,,28.641529,77.120915,011-41002700,,,,
Puma,Delhi,Puma,"Jail road, Harinagar new delhi 110064",,,28.612984,77.109567,,,,,
Puma,Delhi,Puma,Nelson Mandela marg-78- new delhi 110070,,,28.543075,77.157946,011-41003385,,,,
Puma,Delhi,Puma,Press Enclave Road - 80 - New Delhi 100017,,,28.634826,77.226684,011-41003374,,,,
Puma,Delhi,Puma,"B2/20 B Paschim Vihar, new delhi 110063",,,28.665697,77.107617,,,,,
Puma,Delhi,Puma,"1 Dr Burman Road Sahibabad Industrial Area, Ghaziabad, Up-201010",,,28.660917,77.341057,,,,,
Puma,Delhi,Puma,"Saraswati Kunj, Shivaji Marg, Najafgarh New Delhi - 110043",,,28.637884,77.098403,,,,,
Puma,Delhi,Puma,"Mathura Road, Sector 35, Green Fields Colony, Faridabad-77-Faridabad 121003",,,28.462458,77.306714,,,,,
Puma,Delhi,Puma,"Mehrauli Gurgaon road, Gurgaon - 122001",,,28.476042,77.062141,,,,,
Puma,Delhi,Puma,"Puma store 48-A, 1/34 MG ROAD SUKHRALI -80- GURGAON - 122001",,,28.477079,77.060044,9999839169,,,,
Puma,Delhi,Puma,"SECTOR 14 GURGAON, 2321744",,,28.470742,77.046372,,,,,
Puma,Delhi,Puma,"SECTOR 30, GURGAON, HARYANA 122001",,,28.460376,77.057885,,,,,
Puma,Delhi,Puma,"NINEX CITY MART, COMMERCIAL -I, SECTOR - 49, SOHNA ROAD GUDGAON 122001",,,28.421045,77.104112,,,,,
Puma,Delhi,Puma,Gurgaon- Sohna Road Gurgaon - 122001,,,28.421045,77.104112,,,,,
Puma,Delhi,Puma,"sec 25 huda panipat, haryana 132103",,,29.366711,76.994547,,,,,
Puma,Delhi,Puma,ranipur haridwar 249403,,,29.9255,78.090865,,,,,
Puma,Delhi,Puma,"urban estate, sector 17-85- kurukshetra 136118",,,29.967406,76.874231,,,,,
Puma,Delhi,Puma,delhi rd hisar 125005,,,28.899283,76.557639,,,,,
Puma,Ahemdabad,Puma,"ground floor, time square bldng - 103 - , cg road ahemdabad- 380009",,,23.031073,72.559406,079-40327271,,,,
Puma,Ahemdabad,Puma,2-48-ahemdabad - 380015,,,23.038087,72.525269,,,,,
Puma,Ahemdabad,Puma,R.C Dutt road Baroda - 390007,,,22.310768,73.170905,,,,,
Puma,Ahemdabad,Puma,"FF 12, centre square mall, opposite vadodhara central, near gainda circle -70- baroda - 390003",,,22.327161,73.162988,2656453112,,,,
Puma,Jaipur,Puma,"grnd flr, ganga heights, - 80-, sb154 lal kothi, tonk road, jaipur - 302015",,,26.882617,75.794889,14144036981,,,,
Puma,Hyderabad,Puma,"Citi Center Mall, banjara hills 67, shop number 10, 3rd floor, hyderabad - 500034",,,17.385044,78.486671,040-42030830,,,,
Puma,Hyderabad,Puma,Madhavpura Main Street Hyderabad  500033,,,17.428865,78.401286,,,,,
Puma,Hyderabad,Puma,Hi Street Hyderabad 500072,,,17.547021,78.364615,,,,,
Puma,Hyderabad,Puma,3-6-423 liberty road himayat nagar -51- hyderabad 500029,,,17.403769,78.479312,040-42603362,,,,
Puma,Hyderabad,Puma,"1st street main rd A S Rao Nagar, hyderabad - 500062",,,17.486927,78.543136,8886567773,,,,
Puma,Hyderabad,Puma,"Chaintanyapuri main rd dilsukhnagar, hyderabad - 500036",,,17.371544,78.532163,,,,,
Puma,Hyderabad,Puma,Begumpet Rd Hyderabad - 560016,,,17.444525,78.467194,040-66748388,,,,
Puma,Hyderabad,Puma,"Plot#23, Vasavi nagar, kharkana main rd. -80- secunderabad - 500015",,,17.488578,78.501882,4140159336,,,,
Puma,Hyderabad,Puma,"Puma sotre -sai krishna, plot nr. 79/A, rd no. 36 -80-, jubliee hills hyderabad - 500033",,,17.428865,78.401286,040-23553669,,,,
Puma,Bangalore,Puma,"92/3,80 feet rd, opp big bazar, banshankari stage III -57- bangalore - 560085",,,12.927935,77.541879,080-41711671,,,,
Puma,Bangalore,Puma,"shop #202-204, 2nd Floor garuda mall, magrath mall -83- bangalore - 560025",,,12.969937,77.609,080-40913606,,,,
Puma,Bangalore,Puma,"Maruthi Complex, Marathalli Main Rd -77- Bangalore - 560037",,,12.966288,77.693695,080-41487495,,,,
Puma,Bangalore,Puma,Forum Mall -70- Bangalore - 560095,,,12.935405,77.611692,080-22067774,,,,
Puma,Bangalore,Puma,"No. 216 Brigade road, Civil Station -78- Bangalore - 560001",,,12.975615,77.593462,080-40913054,,,,
Puma,Bangalore,Puma,Forum Value Mall-70- Bangalore - 560066,,,12.968468,77.739486,080-41267585,,,,
Puma,Bangalore,Puma,"No - 54, Vittal Mallya Road, bangalore -78- Bangalore 560001",,,12.971854,77.594807,,,,,
Puma,Bangalore,Puma,"1, Sampige Road -49-, F21 & F22, First Floor, Mantri Mall Bangalore 560003",,,13.002766,77.570539,080-30164000,,,,
Puma,Bangalore,Puma,"Dr.Rajkumar road, Malleshwaram west Bangalore 560055",,,13.009696,77.554473,,,,,
Puma,Bangalore,Puma,"100 Foot Road, Indira Nagar, HAL 2nd Stage, Bangalore-560038",,,12.973099,77.645009,,,,,
Puma,Bangalore,Puma,"11th Main road, Block 4, Jayanagar bangalore 560041",,,12.924469,77.585881,9731350014,,,,
Puma,Bangalore,Puma,"No.500, CMH Road Indiragar -78- Bangalore 560038",,,12.978669,77.643384,080-41522090,,,,
Puma,Bangalore,Puma,New Bell Road Bangalore 560094,,,13.036176,77.566728,,,,,
Puma,Bangalore,Puma,"5th cross, HRBR, 2nd Block, Kalyan Nagar Bangalore 560045",,,13.017972,77.620818,8431604948,,,,
Puma,Bangalore,Puma,"Nagvarpalya Main rd, C V Raman Nagar Bangalore 560045",,,12.989784,77.663884,,,,,
Puma,Bangalore,Puma,"27th Main Road, 1st Sector, HSR Layout bangalore - 560102",,,12.914052,77.65179,,,,,
Puma,Pune,Puma,"Sanghavi nagar, Haveli, Aaundh pune 411007",,,18.552157,73.815439,,,,,
Puma,Pune,Puma,"Bund Garden Road, Next to shoppers stop nucleus -66- pune 411001",,,18.526377,73.88307,020-66200528,,,,
Puma,Pune,Puma,JM Road Pune,,,18.521171,73.84672,,,,,
Puma,Pune,Puma,"Karve Road, Kothrud Pune 411004",,,18.510642,73.835126,,,,,
Puma,Pune,Puma,"S.No 207, Viman Nagar rd Pune 411014",,,18.566656,73.918407,,,,,
Lotto,Mumbai ,Lotto,Dr Babasaheb Ambedkar Rd,,,19.000331,72.838281,022-24127787,,,,
Lotto,Delhi,Lotto,"G-23, Dwarka Apartment, Dwarka Sector 4, Delhi - 110075",,,28.565037,77.051997,011-45543657,,,,
Lotto,Delhi,Lotto,"H-14, Main Market, Rajouri Garden, Delhi 110027",,,28.639254,77.116877,011-65104127,,,,
Lotto,Delhi,Lotto,"Crown plaza mall, grnd floor, faridabad sector 15-A, fardidabad-121007",,,,,0129-4052633,,,,
Lotto,Delhi,Lotto,"2516, Kingsway camp, Hudson Lane Maket, GTB Enclave, Delhi - 110009",,,28.689646,77.311984,011-45630767,,,,
Lotto,Delhi,Lotto,"83/84-G, Main Vikas Marg, Laxmi Nagar, Dfelhi - 110092",,,28.634148,77.283058,011-47501770,,,,
Lotto,Delhi,Lotto,"MGF Mall,21/F, Ground Floor, MG Road, Gurgaon - 110030",,,28.459497,77.026638,0124-4379470,,,,
Lotto,Delhi,Lotto,"City center Mall,121, Ground Floor, Rohini Sector 10, Delhi - 110085",,,28.721064,77.115437,011-27933989,,,,
Lotto,Delhi,Lotto,"46/5, Old Rajinder Nagar, Shankar Road, delhi-110060",,,28.638363,77.180554,011-45058187,,,,
Lotto,Delhi,Lotto,"Mahagun Mall, 16, 1st floor, Vaishali, Ghaziabad - 201010",,,28.644897,77.335583,0120-4120891,,,,
Lotto,Delhi,Lotto,"#1042, Dr. Mukherjee Nagar, New Delhi - 110009",,,28.700273,77.206754,,,,,
Lotto,Delhi,Lotto,"Grnd flr, B Block Radial, Inner Circle, connaught Place, New Delhi - 110001",,,28.633731,77.220375,,,,,
Lotto,Delhi,Lotto,"2516, Hudsal Lane, G.T.B. Nagar, Kingsway Camp, Delhi - 110009",,,28.698016,77.199018,,,,,
Lotto,Delhi,Lotto,"Grnd Flr shop no.4 D/10, Chowhary Krishna Chand vomplex, Jwalaheri market, Pashim Vihar, New Delhi-110063",,,28.666533,77.099613,,,,,
Lotto,Delhi,Lotto,Shop No. 121 First Floor City Centre Mall Rohini delhi - 110085,,,28.716628,77.113998,,,,,
Lotto,Delhi,Lotto,"Shop No.118(A) Deep Enclave, Ashok Vihar Phase - 3, Delhi - 110052",,,28.68925,77.17943,,,,,
Lotto,Delhi,Lotto,"#WZ 260, KH no 84/10, Main Najafgarh Road, Uttam Nagar, New Delhi 110059",,,28.620983,77.05177,,,,,
Lotto,Delhi,Lotto,"#FF- 12, MGF City Square Mall, Rajouri Garden, New Delhi 110027",,,28.641529,77.120915,,,,,
Lotto,Delhi,Lotto,"#63A, Roshan Mandi,Shivaji Marg, Najafgarh, New Delhi - 110043",,,28.613152,76.996445,,,,,
Lotto,Delhi,Lotto,"#G-4, District Centre, Janak Puri, Janak Place, New Delhi - 110058",,,28.62226,77.085173,,,,,
Lotto,Delhi,Lotto,"#G/L - 22, Jail Road, Hari Nagar, New Delhi - 110018",,,28.632692,77.098141,,,,,
Lotto,Delhi,Lotto,"#UG 08, Westgate Mall, Raja Garden, New Delhi - 110027",,,28.652155,77.125146,,,,,
Lotto,Delhi,Lotto,"416/2, Grnd Flr and First Floor, Gitthorni Village, MG Road, New Delhi 110030",,,28.487599,77.177274,,,,,
Lotto,Delhi,Lotto,"Shop No - G83,84,85,86, Grnd Flr, V3S East Center, Plot No-12, Dis Center, Laxmi Nagar, Delhi - 110092",,,28.630677,77.277619,,,,,
Lotto,Delhi,Lotto,"C 8/6, Sec 7, Rohini, Near Sai Baba Chowk, New Delhi - 110085",,,28.716628,77.113998,,,,,
Lotto,Delhi,Lotto,"Shop No.15 UB, Bunglow Rd, Delhi - 110007",,,28.682557,77.206497,,,,,
Lotto,Delhi,Lotto,"Shop No: 5/46, Old Rajinder Nagar,(Shankar Road), New Delhi - 110060",,,28.636514,77.183789,,,,,
Lotto,Delhi,Lotto,"G-47 Grnd flr, Abul Fazal Enclave, Kalindi Kunj-Sarita Vihar road, New Delhi - 110025",,,28.538389,77.198897,,,,,
Lotto,Delhi,Lotto,"Shop No. GF- 43, Shipra Mall, vaibhav Khand Indirapuram, Ghaziabad - 201012",,,28.641485,77.371386,,,,,
Lotto,Delhi,Lotto,"#209, Grnd flr, Plot no - 1, EDM Mall, Kaushambi, Ghaziabad - 201010",,,28.645442,77.324317,,,,,
Lotto,Delhi,Lotto,"FF - 16, MahagPlot no VC - 3, sector 3, Vaishali, Ghaziabad - 201010",,,28.649972,77.339737,,,,,
Lotto,Delhi,Lotto,"Shop no. GA-14, Grnd Flr, Crown Plaza Mall, Mathura Road, Faridabad - 121001",,,28.36124,77.315391,,,,,
Lotto,Delhi,Lotto,"FF 21, Metropolitian, Mehurali Rd, Gurgaon - 122002",,,28.47989,77.096736,,,,,
Lotto,Delhi,Lotto,"#2,6 Biswa pukta, Taka Siwaba, Opp. Sector 14 Market old ddelhi, Gurgaon - 122001",,,28.478606,77.053568,,,,,
Lotto,Delhi,Lotto,"Shop 209, 1st Flr, Sector 25A, Spice world, Noida - 210301",,,28.586442,77.341147,,,,,
Lotto,Delhi,Lotto,"#FF 128, the great india place ,a-2,sector 38A, Noida 201301",,,28.562308,77.329571,,,,,
Lotto,Pune,Lotto,"#F-10, Pacific Mall, Opp Meera Hospital Shankar Seth Road, Gultekdi, Pune 411037",,, ,73.86837,,,,,
Lotto,Pune,Lotto,"#1, Hill View Apartments, Phase - 1, Baner Road, Pune - 411045",,,18.563932,73.78119,,,,,
Lotto,Pune,Lotto,"UG 11, Pheonix Market City, Viman Nagar, Pune - 411014",,,18.566243,73.919656,,,,,
Lotto,Jaipur,Lotto,"#42, Gulab Niwas, MI road, jaipur 302001",,,,,,,,,
Reebok,Delhi,Reebok,"Reebok fit hub - cp- d block, Inner circle, New Delhi - 110001",,,,,,,,,
Reebok,Delhi,Reebok,"Reebok Factory Outlest - Azad Market, Rani Jhansi Road, New Delhi - 110006",,,,,,,,,
Reebok,Delhi,Reebok,"Reebok Fit Hub- Kamla Nagar, bungalow Road, New Delhi - 110007",,,,,,,,,
Reebok,Delhi,Reebok,"Reebok Exclusive store- G T Karnal Road, New Delhi - 110007",,,,,,,,,
Reebok,Delhi,Reebok,"Reebok Exclusive store-sarojini nagar,Lane D New Delhi - 110023",,,,,,,,,
Reebok,Delhi,Reebok,"Mukherjee Nagar, New Delhi - 110008",,,,,,,,,
Reebok,Delhi,Reebok,"V3S Mall, Vikas Marg, New Delhi - 110092",,,28.630677,77.277619,,,,,
Reebok,Delhi,Reebok,"Sadar Bazar, Jharsa Road , gurgaon - 122001",,,,,,,,,
Reebok,Delhi,Reebok,"United Sports- ansal plaza, circular road, gurgaon - 120017",,,,,,,,,
Reebok,Delhi,Reebok,"ambeince mall, delhi gurgaon expressway, gurgaon-122001",,,28.459497,77.026638,,,,,
Reebok,Delhi,Reebok,"Unitech LS, Ashok Marg, Noida - 201301",,,,,,,,,
Reebok,Delhi,Reebok,"Unitech, Ashok Marg, Noida - 201301",,,28.57989,77.340447,,,,,
Reebok,Ahemdabad,Reebok,"Paldi Road, Ahemdabad - 380007",,,23.014532,72.565189,,,,,
Reebok,Ahemdabad,Reebok,"CG Road, Ahemdabad - 380009",,,23.031073,72.559406,,,,,
Reebok,Ahemdabad,Reebok,"Alpha Mall, Sarkari Vasahat Road 380015, Ahemdabad",,,23.037819,72.529079,,,,,
Reebok,Ahemdabad,Reebok,"Satellite, Satyagraha Soceity Road, Ahemdabad - 380015",,,23.036321,72.524839,,,,,
Reebok,Ahemdabad,Reebok,"Maninagar Road, Ahemdabad - 380008",,,22.994511,72.613711,,,,,
Reebok,Pune,Reebok,"JM Road Flag, Pune - 411004",,,18.513379,73.833084,,,,,
Reebok,Pune,Reebok,"Inorbit Pune, Nagar Road, Pune - 410014",,,18.562856,73.936722,,,,,
Reebok,Pune,Reebok,"Pheonix Pune, Nagar Road, 411014",,,18.566243,73.919656,,,,,
Reebok,Pune,Reebok,"Sangam Press Road, Kothrud, Pune - 411029",,,18.502229,73.821748,,,,,
Reebok,Pune,Reebok,"DP Road, Anudh, Pune 411007",,,18.560338,73.804597,,,,,
Reebok,Hyderabad,Reebok,"New Nallakunta Main Rd, Vidya Nagar, Hyderabad - 500044",,,17.400659,78.508012,,,,,
Reebok,Hyderabad,Reebok,"Mumbai highway, Malakpet,Hyderabad - 500036",,,17.375335,78.49793,,,,,
Reebok,Hyderabad,Reebok,"Dilsukh Nagar Main Rd, Hyderabad - 500060",,,17.368575,78.528216,,,,,
Reebok,Hyderabad,Reebok,"Road Number 1, banjara Kids, Hyderabad - 500082",,,17.417072,78.455258,,,,,
Reebok,Hyderabad,Reebok,"Ameerpet Road, Hyderabad - 500038",,,17.43762,78.441183,,,,,
Reebok,Hyderabad,Reebok,"Begumpet Rd, Hyderabad - 500016",,,17.444525,78.467194,,,,,
Reebok,Hyderabad,Reebok,"Shaikpet Road, Towlichowki , Hyderabad - 500008",,,17.404967,78.405943,,,,,
Reebok,Hyderabad,Reebok,"Hyderabad Karimnagar highway, Hyderabad - 500009",,,17.453934,78.497516,,,,,
Reebok,Hyderabad,Reebok,"Yousufgude Main Road, Hyderabad - 500045",,,17.435795,78.431665,,,,,
Reebok,Bangalore,Reebok,"Residency Road, Bangalore - 560025",,,12.968683,77.601473,,,,,
Reebok,Bangalore,Reebok,"Orion Mall, Infantry road, bangalore 560055",,,12.981005,77.602086,,,,,
Reebok,Bangalore,Reebok,"Brigade Road, Bangalore - 560001",,,12.97318,77.609458,,,,,
Reebok,Bangalore,Reebok,"Commercial Street, Bangalore - 560001",,,12.982182,77.608327,,,,,
Reebok,Bangalore,Reebok,"Garuda Mall, Magrath Road, Bangalore -560025",,,12.969937,77.609,,,,,
Reebok,Bangalore,Reebok,"Mantri Mall-kids, Sampige Road , Bangalore-560003",,,13.002766,77.570539,,,,,
Reebok,Bangalore,Reebok,"Sampige Road, Malleshwaram , bangalore - 560003",,,13.002816,77.571284,,,,,
Reebok,Bangalore,Reebok,"Emdee- Forum Mall, Hosur Road, bangalore - 560095",,,12.935405,77.611692,,,,,
Reebok,Bangalore,Reebok,"Jayanagar-2-11th Main Road, Bangalore - 560011",,,12.930178,77.586072,,,,,
Reebok,Bangalore,Reebok,"Indira Nagar, 100 feet Road, Bangalore - 560038",,,12.976113,77.640911,,,,,
Reebok,Bangalore,Reebok,"Basweaver nagar, west of cord road, bangalore - 560079",,,12.992487,77.53328,,,,,
Reebok,Bangalore,Reebok,"JP Nagar - 2, 100 feet Road, bangalore - 560078",,,12.934758,77.623902,,,,,
Reebok,Bangalore,Reebok,"BTM-2, Marenahalli Road, Bangalore - 560069",,,12.916545,77.600227,,,,,
Reebok,Bangalore,Reebok,"Kammanagalli Main Road, Bangalore - 560043",,,13.015148,77.635889,,,,,
Reebok,Bangalore,Reebok,"Outer Ring Road, Bangalore - 560094",,,13.047164,77.572607,,,,,
Reebok,Bangalore,Reebok,"Bel Road, Bangalore - 560094",,,13.036176,77.566728,,,,,
Reebok,Bangalore,Reebok,"Raja Rajeshwari, Mysore Road, bangalore - 560098",,,12.914457,77.531192,,,,,
Reebok,Bangalore,Reebok,"Esteem Mall, Kempapura Main Road, Bangalore 560024",,,13.049659,77.592686,,,,,
Reebok,Bangalore,Reebok,"S.B.S. Road, 2nd Pasta Ln, Railway Colony, Badhwar Park, Apollo Bandar",,,18.918317,72.827775,022-22024250,,,,www.reebok.com
Reebok,Bangalore,Reebok,,,,,,022-27651213,,,,www.reebok.com
Reebok,Bangalore,Reebok,"Shop No. 8, Atur Park, Sion Trombay Road",,,19.051054,72.904178,022-25203684,,,,www.reebok.com
Reebok,Bangalore,Reebok,"Shop No 8,9,Aaangan Society,Thakur Village",,,19.207943,72.872528,022-28464355,,,,www.reebok.com
Reebok,Bangalore,Reebok,,,,,,022-28457008,,,,www.reebok.com
Reebok,Bangalore,Reebok,"Vithalini Estate,Pune Nasik Highway, Near To Chowki, Majiwada",,,19.208666,72.971083,022-25420884,,,,www.reebok.com
Reebok,Bangalore,Reebok,"Velinda Towers, L D Ruparel Marg, ",,,18.954838,72.801375,8800978410,,,,www.reebok.com
Fila,Delhi,Fila,"shivas sports[mbo],25 defence enclave, vikas marg, preet vihar, new delhi - 110092",,,28.641705,77.295434,9899382127,,,,
Fila,Delhi,Fila,"A.G. Enterprises, C-173 FTEH Nagar, jail Road, new delhi - 110064",,,28.612984,77.109567,9891095825,,,,
Fila,Delhi,Fila,"Shivas sports, shop no. 64, Upper ground floor, shipra mall, indirapuram, Ghaziabad",,,28.632176,77.367173,0120-4139484,,,,
Fila,Delhi,Fila,"M/S. M.R Enterprises Shop No. GF 81, Ansal Plaza, Near Pari Chowk, Greater Noida",,,28.535516,77.391026,987318069,,,,
Fila,Delhi,Fila,"M/S Shyam Unique Retailers, Opp MDI College, Near Puma Store, Sukhrali, Gurgaon",,,28.477079,77.060044,9871793574,,,,
Fila,Delhi,Fila,"Ashana Enterprises Forties Hospital, Ground Floor, Opp Huda City Center, Metro Station, Sec - 44 , Gurgaon",,,28.459497,77.026638,0124-4276015,,,,
Fila,Mumbai ,Fila,"Shop No. 2 & 3, Sagar Deep Darshan Co. Soc., S V Road, Near Simpoli Signal, Opp Adidas Store, Borivali(W), Mumbai - 400092",,,19.246164,72.850906,022-28335685,,,,
Fila,Mumbai ,Fila,"Shop No 14, Bldng No 2, Atur Park, S T Road, Chembur, Mumbai 400071",,,19.066129,72.889947,022-25214425,,,,
Fila,Mumbai ,Fila,"Shop No 7, G-flr, 119-121, Umergaon Bldg, Dr Ambedkar Rd, parel, Mumbai - 400012",,,18.997148,72.837518,022-24154622,,,,
Fila,Mumbai ,Fila,"Proline Shop, No. 1, Yusuf Bldng, Flora Fountain, Mumbai - 400023",,,18.9325,72.8317,022-22046543,,,,
Pepe Jeans,Ahemdabad,Pepe Jeans,"Indrasudha,6,Parisheem Annex Opp, Swagat Complex, C.G Road, Ahemdabad",,,23.028048,72.557717,7600011323,,,,
Pepe Jeans,Ahemdabad,Pepe Jeans,"Shop No.9, Swapneel - 5, Grnd Flr, Commerce Six Rd, Navangpura, Ahemdabad",,,23.040001,72.559427,079-40087549,,,,
Pepe Jeans,Ahemdabad,Pepe Jeans,"Shop G9, Gulmohar Park Mall, Satellite Road, Satellite, Ahemdabad ",,,23.019627,72.531291,079-40325665,,,,
Pepe Jeans,Bangalore,Pepe Jeans,"Shop No. 213, Garuda Mall,15, Magrath Road, Ashok Nagar, Bangalore ",,,12.969937,77.609,080-64529003,,,,
Pepe Jeans,Bangalore,Pepe Jeans,"No.21, Opp. Ing Vysya Bank,3rd Block, Jayanagar, Bangalore",,,12.932946,77.583869,9880110389,,,,
Pepe Jeans,Bangalore,Pepe Jeans,"No. 4, Venkaswamy Bldng, 100 Feet Rd, Hal 2nd Stage, Indira Nagar, bangalore",,,12.970236,77.641296,,,,,
Pepe Jeans,Bangalore,Pepe Jeans,"Shop No. sf 305, Royal Meenakshi Mall, Hulimavu Village, Bennerughatta Main Rd, Opp Meenakshi Temple, bangalore",,,12.874811,77.594305,9844117223,,,,
Pepe Jeans,Bangalore,Pepe Jeans,"total mall, Sarajpur rd, bangalore",,,12.979789,77.693426,080-41536556,,,,
Pepe Jeans,Bangalore,Pepe Jeans,"41, Brigade Road, bangalore",,,12.972535,77.60714,080-41123723,,,,
Pepe Jeans,Delhi,Pepe Jeans,"Pacific Mall, Shop no. 15 & 16, Opp ISBT, Anand Vihar, Ghaziabad ",,,28.64338,77.322391,4152714,,,,
Pepe Jeans,Hyderabad,Pepe Jeans,"Shop No. 1, Mig No. 329, Near Axis Bank, Main rd, A.S.Rao Nagar, Secunderabad",,,17.477317,78.544441,040-6450611,,,,
Pepe Jeans,Hyderabad,Pepe Jeans,"Plot No.5, Road No.2, Opp. LV Prasad Eye Institue, Banjara Hills, Hyderabad",,,17.416471,78.438247,040-23555063,,,,
Pepe Jeans,Hyderabad,Pepe Jeans,"2-75, A.k. Reddy Complex, Chaitanyapuri, Dilsukhnagar, Hyderabad",,,17.369294,78.527906,040-66717757/47,,,,
Pepe Jeans,Hyderabad,Pepe Jeans,"Shop No. 4-7-92, Habsiguda Main Road, Hyderabad",,,17.991047,78.995161,040-65357600,,,,
Pepe Jeans,Hyderabad,Pepe Jeans,"Shop No.2, Far East Plaza, Bashir Baug, Himayatnagar, Hyderabad",,,17.402064,78.484005,040-23228153,,,,
Pepe Jeans,Hyderabad,Pepe Jeans,"Plot No.17, Wellington Rd, New Vasavi Nagar, karkhana, Secunderabad, Hyderabad",,,17.464374,78.503197,040-66311345,,,,
Pepe Jeans,Hyderabad,Pepe Jeans,"Shop No. 1, KPHB Commercial Complex, Kukatpally, Hyderabad",,,17.496213,78.397598,040-40064154,,,,
Pepe Jeans,Hyderabad,Pepe Jeans,"7-1-621Y107, Om Plaza, Opp. Community Hall, S.R. Nagar, Hyderabad",,,17.44365,78.445826,040-65353550,,,,
Pepe Jeans,Hyderabad,Pepe Jeans,"Plot No.33, Prasanth Nagar, Main Rd, Vanasthalipuram, Hyderabad",,,17.33544,78.569615,040-65355611,,,,
Pepe Jeans,Hyderabad,Pepe Jeans,"Shop No. 201B, 2nd floor, City Center Mall, road #1, Banjara Hills, Hyderabad",,,17.416471,78.438247,,,,,
Pepe Jeans,Jaipur,Pepe Jeans,"G-2, Ground Floor, Crown plaza, Vaishali Nagar, Jaipur",,,26.904775,75.748864,0141-5106353,,,,
Pepe Jeans,Jaipur,Pepe Jeans,"G-17 Grnd Flr, Crystal Palm Mall, Opp. Sahkar Bhawan circle,C- Scheme, Jaipur",,,26.915331,75.807987,0141-4109787,,,,
Pepe Jeans,Jaipur,Pepe Jeans,"G-28 Grnd Flr, Triton Mall, Jhotwara road, Jaipur",,,26.93872,75.786803,0141-5156836,,,,
Pepe Jeans,Jaipur,Pepe Jeans,"G-1V2 grnd flr, MGF Mall, Saharkar Marg, jaipur",,,26.912434,75.787271,0141-4103787,,,,
Pepe Jeans,Delhi,Pepe Jeans,"Shop No. G16 & 17, Cross River Mall, Plot No. 9B & 9C, central Business District, Shahdara, New Delhi",,,28.686192,77.274996,011-42111945,,,,
Pepe Jeans,Delhi,Pepe Jeans,"E-173, Kamla Nagar, New Delhi, Delhi",,,28.680911,77.204587,011-23840195,,,,
Pepe Jeans,Delhi,Pepe Jeans,"Metro Walk Mall, 16 & 17, Ground Floor, Sector 10, Rohini, Delhi",,,28.721064,77.115437,011-27573592,,,,
Pepe Jeans,Delhi,Pepe Jeans,"V3S Mall, Shop No.40 & 41, Plot No.12, District Center, Laxmi Nagar, Vikas Marg, Delhi",,,28.631815,77.279253,011-4306838,,,,
Pepe Jeans,Delhi,Pepe Jeans,"Shop No. GF 05, West Gate mall, Shivaji Place, District Centre, Raja Garden, New Delhi",,,28.629554,77.08019,011-43513757,,,,
Pepe Jeans,Delhi,Pepe Jeans,"10-F Block Inner Circle, Connaught Place, New Delhi",,,28.63286,77.218413,011-23311304,,,,
Pepe Jeans,Delhi,Pepe Jeans,"Select Citywalk, A-3, Saket District Center, Saket, New Delhi",,,28.529329,77.218765,011-40566998,,,,
Pepe Jeans,Delhi,Pepe Jeans,"Grnd Floor, Great India Place Mall, sec 18, Noida",,,28.535516,77.391026,0120-4236913,,,,
Pepe Jeans,Delhi,Pepe Jeans,"F11-DDA Tower, District Center, Janakpuri, New Delhi",,,28.630072,77.081698,,,,,
Pepe Jeans,Mumbai ,Pepe Jeans,"Shop No. 9, Cusrow Bagh, Shahid Bhagat Singh Road",,,18.920232,72.829977,022-22048792,,,,www.pepejeans.com
Pepe Jeans,Mumbai ,Pepe Jeans,"New Kamal Building, 248 Linking Road, Opp. National College",,,19.059218,72.837123,022-26420908,,,,www.pepejeans.com
Pepe Jeans,Mumbai ,Pepe Jeans,Nirmal lifestyle Mall,,,,,022-25906211,,,,www.pepejeans.com
Pepe Jeans,Pune,Pepe Jeans,"573V7,Shivajinagar, Next to sambhaji Park, Shanivar Peth Park,Pune",,,18.52043,73.856744,020-25534786,,,,
Pepe Jeans,Pune,Pepe Jeans,"Shop No.7, SGS Magnum Mall, Moledina Road, Pune ",,,18.519262,73.876671,,,,,
Pepe Jeans,Pune,Pepe Jeans,"Pheonix market city, Unit no.F-60, Survey No. 207, Viman Nagar Road",,,20.452717,85.899705,,,,,
Spykar,Ahemdabad,Spykar,"Shop #5/6, Sapphire Complex, Ground Floor, CG Road, Ahemdabad - 380009",,,23.031073,72.559406,079-26402685,,,,
Spykar,Ahemdabad,Spykar,"Shop #210, ISCON Mega Mall, SG Road, Ahemdabad - 3800015",,,23.093908,72.530795,079-40039038,,,,
Spykar,Ahemdabad,Spykar,"G-8, Gulmohar Park, Opp Satellite Police statioin, satellite, Ahemdabad - 380015",,,23.019627,72.531291,079-40026578,,,,
Spykar,Ahemdabad,Spykar,"Shop #2, swapnil-5, Near Commerce six Road, Navrangpura, ahemdabad - 380009",,,23.039682,72.563165,079-40305578,,,,
Spykar,Ahemdabad,Spykar,"F-39, Alpha One Mall, Near Vastrapura Lake, vastrapura, Ahemdabad - 380054",,,23.037819,72.529079,079-40084578,,,,
Spykar,Ahemdabad,Spykar,"Spykar Yelloe Ticket store, shop No 1/A, Bhikubai Chambers, gandhi Kunj Soceity, Ellis Bridge, paladi, ahemdabad - 380006",,,23.015709,72.557596,079-40091016,,,,
Spykar,Jaipur,Spykar,"B-107, Near National Handloom, Vaishali Marg, Vaishali Nagar, Jaipur-302021",,,26.9149,75.741578,0141-4009355,,,,
Spykar,Jaipur,Spykar,"G-27, Ground Floor, Triton Mall,Near Jhotwara Flyover, Jaipur - 302012",,,26.941377,75.678991,0141-5156835,,,,
Spykar,Jaipur,Spykar,"G-01, Crystal Mall, Near Moti Mahal Cinema, jaisingh Highway, jaipur - 302015",,,26.878998,75.801096,0141-4033944,,,,
Spykar,Jaipur,Spykar,"363/1, fashion Street, raja Park, Jaipur - 302004",,,26.895171,75.828905,0141-4013234,,,,
Spykar,Jaipur,Spykar,"G-5, Crystal Court, Malviya Nagar, Jaipur - 302017",,,26.856112,75.807181,0141-4009354,,,,
Spykar,Jaipur,Spykar,"21/283, Kaveri Path, Mansarovar, Jaipur - 302020",,,26.874848,75.752615,0141-2392391,,,,
Spykar,Jaipur,Spykar,"Shop #1, Opp. Kamal & Co., Tonk Road, Jaipur - 302018",,,26.853558,75.794836,0141-2702725,,,,
Spykar,Delhi,Spykar,"G-5, Plot No.5, malik Plaza, Sec.4, Dwarka, Ashirwad Chowk, New Delhi - 110078",,,28.599398,77.02766,011-45558900,,,,
Spykar,Delhi,Spykar,"M-38, Greater Kailash Part -1,M Block, Main Market, New Delhi-110048",,,28.551523,77.237268,011-30827228,,,,
Spykar,Delhi,Spykar,"4UB, Bungalow Road, kamla Nagar, Delhi - 110007",,,28.682557,77.206497,011-23854500,,,,
Spykar,Delhi,Spykar,"Shop No-G-71,72, Ground Floor, V3S Mall, Plot 17/12, Laxmi Nagar, New Delhi - 110092",,,28.636736,77.274807,011-42141060,,,,
Spykar,Delhi,Spykar,"H-17, Rajouri Garden, Main Market, New Delhi - 110027",,,28.646817,77.119932,011-45512095,,,,
Spykar,Delhi,Spykar,"Shop #G-01, TDI Mall, Rajouri Garden, New Delhi - 110027",,,28.641529,77.120915,011-45578641,,,,
Spykar,Delhi,Spykar,"Shop #GA-22, Unitech Amusement Parks Ltd, Sec-10, Rohini, New Delhi - 110085",,,28.704095,77.128333,011-47510237,,,,
Spykar,Delhi,Spykar,"Shop #D-12/199,sec - 8, Rohini, New Delhi - 110084",,,28.737323,77.090981,011-47025731,,,,
Spykar,Delhi,Spykar,"Spykar Yellow ticket store, G-79, Abdul Fazal Part, IIND Main Rd, Kalindi Kunj, Sarita Vihar, New Delhi",,,28.531656,77.293669,011-29941921,,,,
Spykar,Bangalore,Spykar,"Shop No.4,1st Phase, 100ft Ring Road, BTM Layout, Bangalore - 560076",,,12.916556,77.608702,080-41500775,,,,
Spykar,Bangalore,Spykar,"Shop No.2, Ground Floor, Building No. 45/46, Brigade Road, bangalore - 560001",,,12.972544,77.607142,080-41264518,,,,
Spykar,Bangalore,Spykar,"Shop No.10, HMT Layout, RT Nagar, Main Road, Bangalore - 560032",,,13.021584,77.592513,080-23545537,,,,
Spykar,Pune,Spykar,"Shop No - 32, Kumar Plaza, MG Road, Pune - 411001",,,18.526377,73.88307,020-26111161,,,,
Spykar,Pune,Spykar,"Shop #11, SGS Magnum Mall, Opp Dorrabje Coffee House, Maledina Road, Pune Camp, Pune-411001",,,18.512231,73.88601,020-26334448,,,,
Spykar,Pune,Spykar,"Shop No. WB-FF-07, Amanora Mall, Amonora Park Township, Taluka - Haveli, pune-411028",,,18.496913,73.94186,9049538910,,,,
Spykar,Pune,Spykar,"1st Floor, Shop #5, Premier Plaza Mall, Near Big Bazar, Mumbai-Pune Road, Chinchwad, Pune - 411019",,,18.644933,73.789859,020-46771882,,,,
Spykar,Pune,Spykar,"Spykar Yellow Ticket Store, Grnd Flr, Plot No 5, Shop No 3, Opp Vanaz Eng Company, Neena Co-Op Hsg Soc, Paud Rd, Kothrud, Pune - 411038",,,18.510352,73.789699,020-25396412,,,,
Spykar,Pune,Spykar,"Spykar Yellow Ticket Store, Shop No 9, Manali Arcade, Opp sharda Arcade, next To D'Mart, Pune satara Rd, Pune-411037",,,18.487479,73.857549,020-24215773,,,,
Spykar,Pune,Spykar,"Shop No.32, Kumar Plaza,8, Mahatma Gandhi Road, Camp, Pune - 411001",,,18.510063,73.878784,020-26111161,,,,
Spykar,Mumbai ,Spykar,Nirmal Lifestyle Mall,,,,,,,,,www.spykar.com
Spykar,Mumbai ,Spykar,Prime Mall,,,,,022-26710225,,,,www.spykar.com
Spykar,Mumbai ,Spykar,"No-10,Madhav Kunj, opp. Chamunda circle, S.V.P. Road",,,19.199825,72.845853,022-28933388,,,,www.spykar.com
Spykar,Mumbai ,Spykar," 5,Moraz Baug, Hari Om Creations, 60ft Rd, Opp. Standard Chartered Bank",,,19.082886,72.907653,022-21021001,,,,www.spykar.com
Spykar,Mumbai ,Spykar,"1, 2, 3, Ground Floor, Sai Sangeet, Linking Rd",,,19.063538,72.83501,022-26054188,,,,www.spykar.com
Spykar,Mumbai ,Spykar,Mega Mall,,,,,,,,,www.spykar.com
Spykar,Mumbai ,Spykar,"Spykar Yellow Ticket Store, Shop No A2 , Gr Flr, Mukund Nagar, Marol",,,19.111334,72.872399,022-28375409,,,,www.spykar.com
Spykar,Mumbai ,Spykar,"1, Mangrish Bldg, Evershine Nagar, Off Linking Rd, Besides Movietime Theater",,,19.191614,72.833936,022-28800542,,,,www.spykar.com
Spykar,Mumbai ,Spykar,"7, Palm Beach, Silver Sand Co-Op Soc, Yaari Road, Versova",,,19.138404,72.812188,022-26345393,,,,www.spykar.com
Wrangler,Ahemdabad,Wrangler,"Kysh Retail Pvt, Ltd, Wrangler Store, Iskon Mall Ahemdabad, Near Rajpath Club, Sarkhej Gandhinagar, Ahemdabad Highway, Ahemdabad - 380052",,,23.051355,73.403648,,,,,
Wrangler,Ahemdabad,Wrangler,"Tender Fashio, Wrangler Store, M/s Chand Mahek Creation, Shop #03, Swapneel 5, Commerce Six Road, Navrangpura, Ahemdabad - 380009",,,23.039682,72.563165,,,,,
Wrangler,Delhi,Wrangler,"F 32 & 33, East V3S Mall, Laxmi Nagar, Delhi - 110092",,,28.637306,77.286667,9899592821,,,,
Wrangler,Delhi,Wrangler,"Arvind Fashions, Wrangler Store, Ms.ARVIND FASHIONS-WRA Dwarka. A division of the Arvind Mills Lts, No.G-7, Gr. Floor, Vardhaman Bee Pee Plaza, Ashirwad Chowk, Plot No.1, MLU Sector - 5 Dwarka - 110075",,,28.598022,77.057885,011-45586485,,,,
Wrangler,Delhi,Wrangler,"Arvind Fashion, Wrangler Store, E-23 South Ext Part 2, New Delhi 49",,,28.564727,77.218959,011-46014011,,,,
Wrangler,Delhi,Wrangler,"Maruti, Wrangler Store, G-7 A, Ground Floor, Janak Puri distt Centre, New Delhi - 110058",,,28.620123,77.093858,9911427764,,,,
Wrangler,Delhi,Wrangler,"C 8/6, Sector 7, Rohini, New Delhi - 110085",,,28.706554,77.115137,,,,,
Wrangler,Delhi,Wrangler,"GA 07, Sector 15, Crown Plaza Mall, Faridabad ",,,,,0129-4129099,,,,
Wrangler,Delhi,Wrangler,"47 Ambedkar Road,  Ghaziabad",,,28.668576,77.432126,0120-2702823,,,,
Wrangler,Delhi,Wrangler,"Wrangler Exclusive Store, G-26, EDM Mall Kaushambi Ghaziabad-201010",,,28.645442,77.324317,,,,,
Wrangler,Delhi,Wrangler,"Shop No. 216, Ambience Mall, NH 8, Gurgaon - 122002",,,28.47989,77.096736,0124-4665566,,,,
Wrangler,Delhi,Wrangler,"Virtual Apparels, Wrangler Store, F-147, Plot No, A-2, Sector - 38A, The Great India Place Mall, Noida - 201301",,,,,0120-4235085,,,,
Wrangler,Delhi,Wrangler,"Maruti Agencies, Wrangler Exclusive Store, Shop no 10 & 12A, JOP Plaza, Atta Market, Sec - 18, Noida, Opp McDonald, Noida - 201301",,,28.58212,77.326699,9810950195,,,,
Wrangler,Jaipur,Wrangler,"Rahul Enterprises, Wrangler Store, Mehra Apparels, 23,22 Godwan, Sahkar Marg, Crystal Palm, Jaipur - 302001",,,26.917349,75.809814,0141-6598970,,,,
Wrangler,Jaipur,Wrangler,"Rahul Enterprises, Wrangler Store, Crystal Court, Malviya Nagar, Jaipur - 302017",,,26.857126,75.81272,9829066808,,,,
Wrangler,Jaipur,Wrangler,"Near Raja Saheb Lane. No 1 Raja Park, jaipur - 302017",,,26.865849,75.841775,0141-4009474,,,,
Wrangler,Jaipur,Wrangler,"Rahul Enterprises, Wrangler Store, Ground Floor, MGF Mall, Jaipur - 302006",,,26.911201,75.777846,,,,,
Wrangler,Jaipur,Wrangler,"Rahul Enterprises, Wrangler Store, Nr Indian Coffee House, MI Road, Jaipur - 302001",,,26.917349,75.809814,9829044999,,,,
Wrangler,Jaipur,Wrangler,"Rahul Enterprises, Wrangler Exclusive Store, G-39, Ground Floor, Trion Mall, Jhodwara Jaipur - 302012",,,26.941377,75.678991,9829058151,,,,
Wrangler,Jaipur,Wrangler,"Rahul Enterprises, Wrangler Store, 6-B Opp Saurabh Tower, Vaishali Nagar, Jaipur -302017",,,26.904775,75.748864,9829111120,,,,
Wrangler,Jaipur,Wrangler,"Rahul Enterprises, Wrangler Store, 80/100, Patel Marg, Madhyam Marg, Mansarover, Jaipur",,,26.849683,75.769186,9829066808,,,,
Wrangler,Jaipur,Wrangler,"SRD Fashion, Wrangler Store, Shop No.4, Dev Nagar Opp.Kamal & Company, Tonk Road, jaipur ",,,26.798738,75.812301,9314621612,,,,
Wrangler,Jaipur,Wrangler,"Jaipur Companies, MG Road, Jaipur - 302001",,,26.917349,75.809814,9829066808,,,,
Wrangler,Pune,Wrangler,"Ethix Clothings, Wrangler Stores, No.16, Ground Floor, Pheonix market city mall, Behind Baker Gauge, Virananagr rd, Pune",,,18.52043,73.856744,,,,,
Wrangler,Pune,Wrangler,"Platinia, Wrangler Store No.917/20-A, F.C.Road, Opp Vaishali Hotel, Pune - 411004",,,18.513379,73.833084,020-65003922,,,,
Wrangler,Pune,Wrangler,"Pune MG- Shop No 6 & 7, Sterling Centre, Modelina Road, Opp Arora Towers, M.G.Road, Pune - 411007",,,18.552157,73.815439,,,,,
Wrangler,Pune,Wrangler,"Arvind Fashion, Neel Square Plat No 7. Survey No 187, Next to samsung stone, New Shangvi Nagar, Aundh, Pune - 411007",,,18.557402,73.809557,020-40059339,,,,
Wrangler,Pune,Wrangler,"Modern Retailing Concepts, Wrangler Exclusive Store, Unit No S004, Ground Floor, Inorbit Mall Opp Ctr Factory, Wadgaon Sheri, Pune - Nagar Road,Pune - 411014",,,18.560828,73.918181,,,,,
Wrangler,Bangalore,Wrangler,"Arvind Fashions, Wrangler Exclusive Store, Esteem Mall, Near Habbal Flyover, Bangalore - 560038",,,12.977816,77.639294,080-41966100,,,,
Wrangler,Bangalore,Wrangler,"BB Creations, Wrangler Store, Commercial Street Entrance, Bangalore - 560001",,,12.975615,77.593462,080-25559474,,,,
Wrangler,Bangalore,Wrangler,"Flagship, Wrangler Store, 433/30/1,10th Main, 28th Cross,4th Block, Jayanagar, Bangalore - 560038",,,12.93014,77.587732,080-22457524,,,,
Wrangler,Bangalore,Wrangler,"Shine International, Wrangler Store, #190, Rams Complex,Brigade Road, Blr - 560001",,,12.97318,77.609458,080-41325848,,,,
Wrangler,Bangalore,Wrangler,"United Apparels, Wrangler Exclusive Store, Esteem Mall, Near Hebbal Flyover, Bangalore - 560038",,,13.042365,77.592063,080-41699100,,,,
Wrangler,Bangalore,Wrangler,"Kapila Manjushree Apparels Pvt Ltd, Wrangler store, #777,100 feel road, Indira Nagar, Bangalore - 560038",,,12.971891,77.641154,080-41158812,,,,
Wrangler,Bangalore,Wrangler,"Nysa Enterprises Pvt Ltd, Wrangler Store, #126,1st Floor, Forum Mall, Hour Road, Koramangala, Bangalore - 560038",,,12.935405,77.611692,080-30160116,,,,
Wrangler,Bangalore,Wrangler,"Vasundhara Enterprises Wrangler Store, Ms Arvind Fashions - WR - Lamcy Plaza, # AC/402, HRBR 2nd Block, Kalyan Nagar, Bangalore - 560084",,,13.021834,77.64359,080-64564511,,,,
Wrangler,Bangalore,Wrangler,"Vasundhara Enterprises, # 10, K.C. Tower, ITI & HB Society, New Bel Road(Opp To ICICI Bank) Next to adidas showroom",,,,,,,,,
Wrangler,Bangalore,Wrangler,"Binge Hospitality, Wrangler Exclusive Store, F018, 1st Floor, Royal Meenaxi Mall, Bannerughatta Road, Bangalore - 560068",,,12.88446,77.63643,9845070406,,,,
Wrangler,Bangalore,Wrangler,"Vasundhara Enterprises , No, G-37, Grpund Floor, Ascendus Park, Square Mall, International Tect Park, Bangalore(ITPB), whitefield Road, Bangalore - 560056",,,12.967252,77.716072,,,,,
Wrangler,Bangalore,Wrangler,"United Apparels,#653/67 11th Main Road 4Th Block, Jayanagar Bangalore - 560011",,,12.935789,77.587732,,,,,
Wrangler,Bangalore,Wrangler,"United Apparels, Shop No F-29 Pheonix Market City Mahadevpura",,,12.997349,77.696736,,,,,
Wrangler,,Wrangler,"Shop No. 2, Harbour Crest, Tulsi Wadi",,,18.969653,72.840949,022-23741631,,,,www.wrangler.in
Wrangler,,Wrangler,Centre One Mall,,,,,,,,,www.wrangler.in
Lee ,Bangalore,Lee ,"Lee Exclusive Store, No. 192, Brigade Road, Bangalore - 560001",,,12.97283,77.607227,080-25589955,,,,
Lee ,Bangalore,Lee ,"Lee Exclusive Store, 777/F, 100 Ft, Road, Indiranagar, Bangalore - 560038",,,12.971891,77.641154,080-25214393,,,,
Lee ,Bangalore,Lee ,"Lee Exclusive Store, North Taluk, Hebbal Village, Esteem Mall, Bangalore - 560024",,,13.049659,77.592686,080-41107001,,,,
Lee ,Bangalore,Lee ,"Lee Exclusive Store, Lamcy Plaza, 5th AC/402, H.R.B.R. , 2nd Block, Kalyan Nagar, Bangalore - 560084",,,13.021834,77.64359,080-42084240,,,,
Lee ,Bangalore,Lee ,"Lee Exclusive Store, No 10, K.C. Tower, New B.E.L. Road Opp. ICICI Bank, Bangalore - 560094",,,13.042615,77.57627,080-23412412,,,,
Lee ,Bangalore,Lee ,"Lee Exclusive Store, Forum Mall,1st Floor, Koramangala, Bangalore - 560029",,,12.935405,77.611692,080-22067608,,,,
Lee ,Bangalore,Lee ,"Lee Exclusive Store, # 653/67, 11th Main Road, 4th Block, Jayanagar, Bangalore - 560011",,,12.935789,77.587732,9742066390,,,,
Lee ,Bangalore,Lee ,"Lee Exclusive Store, No.26, Ground Floor, Forum Value Mall, Whitefeild Road, Near Varthir Khodi, Whitefeild, Bangalore - 560066",,,12.968468,77.739486,080-28451422,,,,
Lee ,Bangalore,Lee ,"Lee Exclusive Store, No.325,1st Cross,8th Main,3rd Stage, Basaveshvarnagar, Bangalore-560079",,,12.992487,77.53328,080-42095482,,,,
Lee ,Bangalore,Lee ,"Lee Exclusive Store, No. 10, Commercial Street, Opp. Woodys Restaurant, Bangalore - 560001",,,12.975615,77.593462,080-41108616,,,,
Lee ,Bangalore,Lee ,"Lee Exclusive Store, No.F019,1st Floor, Royal Meenakshi Mall, Bannerugatta Road, Bangalore - 560076",,,12.88282,77.602057,8147751182,,,,
Lee ,Bangalore,Lee ,"Lee Exclusive Store, Pheonix Mall, No. F-29, Pheonix Market City, Dyavasandra Phase - 2, Industrial Area, Krishnarajapuram Hobli, Whitefeild Road, Bangalore - 560048",,,12.997349,77.696736,080-67266129,,,,
Lee ,Bangalore,Lee ,"Lee Exclusive Store, No.G52 - 5B, Epip Area, Inorbit Mall, Whitefelid,PIP Area, Bangalore-560066",,,12.968468,77.739486,9845384041,,,,
Lee ,Ahemdabad,Lee ,"Lee Exclusive Store, Shop 203/204, Iscon Mega Mall, S.G.Road, Ahemdabad - 380015",,,,,079-40027343,,,,
Lee ,Ahemdabad,Lee ,"Lee Exclusive Store, Iscon Arcade Shop 32/33, Cg Road, Ahemdabad - 380009",,,,,079-40194343,,,,
Lee ,Ahemdabad,Lee ,"Lee Exclusive Store, 4D Mall, Shop No.52/53, GF, Nr. Dmart, Visat Gandhinagar, Motera, Ahemdabad - 380005",,,23.088251,72.591119,,,,,
Lee ,Ahemdabad,Lee ,"Lee Exclusive Store,Alpha One Mall, Vastrapur Lake, Ahemdabad ",,,23.037819,72.529079,079-40301797,,,,
Lee ,Jaipur,Lee ,"Lee Exclusive Store, Plot No.2, Pratap Nagar Colony, Tonk Road, Jaipur - 302018",,,26.853558,75.794836,7665660777,,,,
Lee ,Jaipur,Lee ,"Lee Exclusive Store, G-18, Crystal Palm,22 Godown, Jaipur - 302006",,,26.897135,75.786396,0141-4044908,,,,
Lee ,Jaipur,Lee ,"Lee Exclusive Store, G-16, Crystal Court Mall, Malviya Nagar, Jaipur",,,26.857126,75.81272,0141-4039109,,,,
Lee ,Jaipur,Lee ,"Lee Exclusive Store, Noor Building, M.I. Road, Jaipur-302001",,,26.917349,75.809814,0141-2373290,,,,
Lee ,Jaipur,Lee ,"Lee Exclusive Store, FF-18, First Floor, M.G.F. Mall, 22-Godown , Jaipur - 302006",,,26.897135,75.786396,0141-5109991,,,,
Lee ,Jaipur,Lee ,"Lee Exclusive Store, Plot No.13-14, Amrapali Marg, Vaishali Nagar, Jaipur - 302021",,,26.911434,75.748975,0141-5199991,,,,
Lee ,Jaipur,Lee ,"Lee Exclusive Store, G-9, Ground Floor, Pink Square Mall, Govind Marg, Raja Park, Jaipur - 302004",,,26.896509,75.830212,0141-5199996,,,,
Lee ,Jaipur,Lee ,"Lee Exclusive Store, F-5, First Floor, Triton Mall, Chomu Pulia, Jhotwara, Jaipur-302012",,,26.958302,75.743346,0141-5156899,,,,
Lee ,Hyderabad,Lee ,"Lee Exclusive Store, No. 1-7-43/317/233, Maheash Nagar, Near Radhika Theatre, Dr. A.S.Rao Nagar, Hyderabad-500062",,,17.480157,78.552223,040-66333324,,,,
Lee ,Hyderabad,Lee ,"Lee Exclusive Store, No 2, Upper Ground Floor, City center, Banjara Hill Road, Hyderabad - 500034",,,17.416471,78.438247,040-66469911,,,,
Lee ,Hyderabad,Lee ,"Lee Exclusive Store, No.3-6-387, Hormani Plaza, Himayath Nagar, Hyderabad - 500029",,,17.402064,78.484005,040-66367711,,,,
Lee ,Hyderabad,Lee ,"Lee Exclusive Store, No: G 27 & 28 Inorbit Mall, Madhapur, Hyderabad - 500081",,,17.43262,78.38848,040-40888283,,,,
Lee ,Hyderabad,Lee ,"Lee Exclusive Store, Ward - 8, Road No-36, Jublee Hills, Hyderabad - 500033",,,17.428865,78.401286,9394660949,,,,
Lee ,Hyderabad,Lee ,"Lee Exclusive Store, Commerical Street, Dilsukh Nagar Main road, moosarambag, Hyderabad - 500036",,,17.374181,78.512129,040-66413489,,,,
Lee ,Hyderabad,Lee ,"Lee Exclusive Store, Sri Ram Nagar Colony, Chandanagar, Sherlingampally Mandal, Hyderabad - 500050",,,17.497464,78.33017,040-40260031,,,,
Lee ,Hyderabad,Lee ,"Lee Exclusive Store, Unit No FF08, First Floor, Manjeera Trinity Mall, Kukatpally, Hyderabad - 500072",,,17.48777,78.41266,040-66037211,,,,
Lee ,Hyderabad,Lee ,"Lee Exclusive Store, Chaitanyapuri, Besdie Kalaniketan, Hyderabad - 500060",,,17.375825,78.54053,040-40136737,,,,
Lee ,Mumbai ,Lee ,"Lee Exclusive Store, Unit No:11 B Grd Level, Sky Zone High Street Pheonix Lower Parel(W), Mumbai - 400013",,,19.001693,72.824222,022-40044074,,,,
Lee ,Mumbai ,Lee ,"Lee Exclusive Store, U/45, 1st level =, Inorbit Mall, Malad, Mumbai - 400064",,,19.186788,72.848871,022-66407506,,,,
Lee ,Mumbai ,Lee ,"Lee Exclusive Store, FF-110, Infiniti Mall, Malad(W), Next to D-Mart, Mumbai-400064",,,19.187516,72.836778,022-67656554,,,,
Lee ,Mumbai ,Lee ,"Lee Exclusive Store, Shop No F14-15, 1st Floor, Centre One Mall, Sector 30A, Vashi, Mumbai-400705 ",,,19.067837,72.998657,022-27814788,,,,
Lee ,Mumbai ,Lee ,"Lee Exclusive Store, Shop No.S34, 2nd Floor, Inorbit Mall, Vashi, Mumbai - 400703",,,,,022-27810833,,,,
Lee ,Mumbai ,Lee ,"Lee Exclusive Store: R-City, Unit No-17, 2nd Floor, LBS Marg, Ghatkopar(West), Mumbai - 400086",,,19.089321,72.907719,022-66977628,,,,
Lee ,Mumbai ,Lee ,"Lee Exclusive Store, G-63, Ground Floor, Pheonix Market City, Kamani, LBS Marg, Kurla(W), Mumbai - 400070",,,19.070795,72.875472,022-61801500,,,,
Lee ,Mumbai ,Lee ,"Lee Exclusive Store, First Floor, Unit No 48, Pokhran Road 2, Subhash Nagar, Next to Jupiter Hospitla, Thane, Mumbai - 400610",,,,,9594111067,,,,
Lee ,Mumbai ,Lee ,"Lee Exclusive Store, No. 75, 1st Floor, dattani Square Mall, Next to D'Mart, Mumbai - 401202",,,19.37296,72.822006,8087627075,,,,
Levis,Ahemdabad,Levis,"CG Road,3, Shopper's Plaza III, Opposite Municpal Mraket, CG Road, Ahemdabad",,,23.028048,72.557717,079-26400227,,,,
Levis,Ahemdabad,Levis,"2, Nhikubhai Chanbers, Opp Kucharab Ashram, Paldi, Ahemdabad",,,23.006111,72.564722,079-26576868,,,,
Levis,Ahemdabad,Levis,"R3 Mall, 12 A, Ground Floor, R3 Mall, Drive in Road, Ahemdabad",,,23.043408,72.548627,079-30122611,,,,
Levis,Ahemdabad,Levis,"Iscon Mall, 205-206, First Floor, Iscon Mega Mall, SG Highway, Ahemdabad",,,23.093908,72.530795,079-40032416,,,,
Levis,Ahemdabad,Levis,"Ground floor, Swapneel, Manav Mandir Road, Ahemdabad",,,,,,,,,
Levis,Ahemdabad,Levis,"G-7, Gulmohar Park, Kshitij, Satellite Road, SG Highway, Ahemdabad",,,23.019627,72.531291,079-40088692,,,,
Levis,Ahemdabad,Levis,"Store 3,Abhishree Complex, Opp Star Bazar, Satellite, Ahemdabad",,,23.027017,72.524273,079-40088692,,,,
Levis,Bangalore,Levis,"Hosur Road, Forum Mall, bangalore",,,12.935405,77.611692,,,,,
Levis,Bangalore,Levis,"#67,15 cross, 6B Main Road, JP Nagar 3rd Phase, Bangalore - 78",,,12.912764,77.596915,,,,,
Levis,Bangalore,Levis,"#744, 80ft road, 4th Block, Koramgla, bangalore-95",,,12.966815,77.592545,080-41243378,,,,
Levis,Bangalore,Levis,"Jaladarshini layout,new BEL Road, Bangalore",,,13.031801,77.570033,080-41674080,,,,
Levis,Bangalore,Levis,"No.210, Citi Talk Plaza, Brigade Road, Bangalore-01",,,12.972475,77.607122,080-32514943,,,,
Levis,Bangalore,Levis,"#4, Ac-401, Kamanahalli main road,2nd Block HRBR layout, Kalyan Nagar, Bangalore - 43",,,13.022747,77.641454,080-65467293,,,,
Levis,Bangalore,Levis,"#318, Sterling Centre, K.Kamaraj Road, Bangalore - 42",,,12.980485,77.609826,080-42109507,,,,
Levis,Bangalore,Levis,"Shop #G-07, Esteem Mall, Ground Floor, Hebbal Main Road, Bangalore - 54",,,13.049659,77.592686,080-41699409,,,,
Levis,Bangalore,Levis,"#777/G, 100ft Road, HAL 2nd Stage, Indiranagr, Bangalore - 38",,,12.968038,77.641092,080-41481007,,,,
Levis,Bangalore,Levis,"235-22, Ground Floor, Aubhasri Avenue,9th mn 3rd blk, Jayanagar, Bangalore-11",,,12.93014,77.587732,080-40930489,,,,
Levis,Bangalore,Levis,"#4, 80 Feet Road, HMT Layout, Near RT Nagar Police Station, Opp. HMT Ground, bangalore",,,13.02737,77.576744,080-40930489,,,,
Levis,Bangalore,Levis,"#52, Vittal Mallya Road, Bangalore-01",,,12.972084,77.594908,080-42110325,,,,
Levis,Delhi,Levis,"38-A&B, Khan Market, Delhi - 110003",,,28.600348,77.225966,011-41757079,,,,
Levis,Delhi,Levis,"MGF Mall,63-64, Meharauli Gurgaon Road, Gurgaon - 122001",,,28.47972,77.089362,0124-4017148,,,,
Levis,Delhi,Levis,"G-1, South Extension Part 1, Delhi - 110049",,,28.573291,77.221942,011-46010129,,,,
Levis,Delhi,Levis,"KD-57A, Ashok Vihas Phase 1, Delhi - 110052",,,28.690832,77.165035,011-47523544,,,,
Levis,Delhi,Levis,"16A, Basant Lok, Basant Vihar, Delhi - 110057",,,28.558644,77.16419,011-46084889,,,,
Levis,Delhi,Levis,"F-19, Inner Circle, Connaught Place, Delhi - 110001",,,28.633731,77.220375,011-45694046,,,,
Levis,Delhi,Levis,"720, Dr. Mukherji Nagar, Delhi-110009",,,28.71163,77.214581,011-47068762,,,,
Levis,Delhi,Levis,"118 Krishna Plaza, Dwarka Sector 12, Delhi - 110078",,,28.598153,77.048381,011-45607368,,,,
Levis,Delhi,Levis,"Chaudhary Mode, G T Road, Ghaziabad - 201001",,,28.656271,77.433482,0120-4163810,,,,
Levis,Delhi,Levis,"S-37A, Main Market, Green Park, Delhi - 110016",,,28.551722,77.208322,011-46029684,,,,
Levis,Delhi,Levis,"F-26&27, Shipra Mall, Indira Puram, Ghaziabad - 201010",,,28.660917,77.341057,0120-3238350,,,,
Levis,Delhi,Levis,"G-3, Janak Palace, Janakpuri, Delhi - 110058",,,28.619842,77.087865,011-41588913,,,,
Levis,Delhi,Levis,"14, Bunglow Road, Kamla Nagar, Delhi - 110007",,,28.682557,77.206497,011-41530941,,,,
Levis,Delhi,Levis,"A-124/8, Katwaria Sarai, Delhi - 110016",,,28.541122,77.189493,011-46064155,,,,
Levis,Delhi,Levis,"F-40, 1st Floor, Pacific Mall, Kaushambi, Ghaziabad - 201001",,,28.646564,77.320058,0120-3012351,,,,
Levis,Delhi,Levis,"2519, Hudson Lane, Kingsway Camp, Delhi - 110009",,,28.698016,77.199018,011-47012920,,,,
Levis,Delhi,Levis,"C4/19, Acharya Niketan, Mayur Vihar Phase -1, Delhi - 110091",,,28.606451,77.297675,011-43073620,,,,
Levis,Delhi,Levis,"Aggarwal Plaza, G-18,Netaji Subhash Place,Pitampura, Delhi - 110034",,,28.693711,77.15004,011-42471494,,,,
Levis,Delhi,Levis,"Aggarwal City Mall, G-36,Pitampura, Delhi - 110034",,,28.690072,77.13436,011-42644403,,,,
Levis,Delhi,Levis,"C8/10, Rohini Sector 7, Delhi - 110085",,,28.706554,77.115137,011-42068226,,,,
Levis,Delhi,Levis,"DLF Place Mall, 206,1st Floor, Saket, Delhi - 110017",,,28.51918,77.21301,011-46102720,,,,
Levis,Delhi,Levis,"G-61/62, Sector 18, Noida - 201301",,,28.568978,77.324089,0120-4205206,,,,
Levis,Delhi,Levis,"Cross River Mall, G-20, Ground Floor, Shahdara, Delhi - 110032",,,28.682096,77.292233,011-42111898,,,,
Levis,Delhi,Levis,"24/1-A, Mall Road, Tilak Nagar, Delhi - 110018",,,28.636543,77.092972,011-45518149,,,,
Levis,Delhi,Levis,"Promenade Mall, 232 & 233, 1st Floor, Phase-2, Vasant Kunj, Delhi - 110070",,,28.544169,77.156022,011-45625671,,,,
Levis,Delhi,Levis,"KG 1/7,2, Vikas Puri, Delhi - 110018",,,28.643279,77.075791,011-25573011,,,,
Levis,Delhi,Levis,"A-6, Mega City Mall, Groud Floor, Mehrauli Gurgaon Road, Gurgaon - 122001",,,28.476042,77.062141,0124-4375172,,,,
Levis,Delhi,Levis,"B-19, Inner Circle, Connaught Place, Delhi - 110001",,,28.633731,77.220375,011-45674046,,,,
Levis,Delhi,Levis,"GB-16, Sector 15, Faridabad - 121001",,,28.395273,77.323827,0129-4012729,,,,
Levis,Delhi,Levis,"M-70, Greater Kailash Part - 1, Delhi - 110048",,,28.550932,77.234154,011-46573807,,,,
Levis,Hyderabad,Levis,"Road No.1, Bajhara Hills, Hyderabad",,,17.417092,78.448899,,,,,
Levis,Hyderabad,Levis,"Road No.36, Jubliee Hills, Hyderabad",,,17.432877,78.406436,,,,,
Levis,Hyderabad,Levis,"Dharam Karam Road, Ameerpet, Hyderabad",,,17.439187,78.450873,,,,,
Levis,Hyderabad,Levis,"Kukatpally, JNTU, Hyderabad",,,17.490558,78.392692,,,,,
Levis,Hyderabad,Levis,"Himayath Nagar, Hyderabad",,,17.402064,78.484005,,,,,
Levis,Hyderabad,Levis,"16-11-762/1, 1-15, Ground Floor, Shop #2, Moosaram Bhag, Dilsuk Nagar, Hyderabad",,,17.385044,78.486671,,,,,
Levis,Hyderabad,Levis,"H.No. 1-12-119/15, Dr. AS Rao Nagar, Hyderabad",,,17.399294,78.511882,,,,,
Levis,pune,Levis,"69/A, Shop No 2, Hotel Rajdoot, Satara Road, Adarash Nagar, City Pride Theatre, Pune - 411037",,,18.47927,73.87131,020-40501535,,,,
Levis,pune,Levis,"Shop No.E1, Premium Plaza, Near big bazzar, Mumbai - Pune Road, Pimpri-Chinchwad, Pune - 19",,,18.537454,73.781282,,,,,
Levis,pune,Levis,"#1, Sr No.2/1, Karvey Road, Kothrud, Pune - 411038",,,18.516569,73.803675,020-66407401,,,,
Levis,pune,Levis,"Motwani Chambers, JM Road, Shivaji Nagar, Pune - 411038",,,18.530822,73.847465,020-20271313,,,,
Levis,pune,Levis,"Shop No 13, ICC Trade Tower, Senapati Bapat Road, Pune",,,18.53044,73.829948,020-40035505,,,,
Levis,pune,Levis,"Shop No 4, Lower Ground Floor, SGS Mall, Opp Dorabjee, Pune",,,18.52043,73.856744,020-40064204,,,,
Levis,pune,Levis,"Koregaon Park Road, Pune",,,18.535082,73.88561,020-40024480,,,,
Levis,pune,Levis,Ferguson College Road,,,18.523569,73.841128,,,,,
Levis,pune,Levis,"Centre Port Mall, Pune",,,18.52043,73.856744,,,,,
Levis,Jaipur,Levis,"G4, Crown Plaza,Amarpali Circle, Vaishali Nagar, Jaipur",,,26.904775,75.748864,,,,,
Levis,Jaipur,Levis,"Shop No. 10-11, 1st Floor, MGF Mall, 22 Godown Circle, Near Sekhar Bhawan, jaipur",,,26.912434,75.787271,,,,,
Levis,Jaipur,Levis,"Marda Plaza, M.I.Road Marda Estate, Jaipur Flagship",,,,,,,,,
Levis,Jaipur,Levis,"Shop No-31-32, GF, Chomo Pulia, Troton Mall, Jaipur",,,26.912434,75.787271,,,,,
Levis,Jaipur,Levis,"G1-2, Krishna Tower, Central Spine, Opp National Handloom, Vidyadhar Nagar, Jaipur - 302023",,,26.964609,75.777878,,,,,
Levis,Jaipur,Levis,"Shop No-32, Crystal Court, Malviya Nagar, Jaipur",,,26.857126,75.81272,,,,,
Levis,Jaipur,Levis,"Gaurav Towers, Malviya Nagar, Jaipur",,,26.908176,75.779526,,,,,
Levis,Jaipur,Levis,"G4, Crown Plaza, Amarpali Circle, Vaishali Nagar, jaipur",,,26.904775,75.748864,,,,,
Levis,Jaipur,Levis,"G-3, GF Ganga Heights, Lal Kothi Tonk Road, Near Gandhi Nagar Mod, Jaipur - 302015",,,26.878998,75.801096,,,,,
Levis,Jaipur,Levis,"G1-2 krishna Tower, Central Spine, Opp National handloom, Vidyadhar Nagar, Jaipur - 302023",,,26.964609,75.777878,,,,,
Levis,Mumbai ,Levis,Nirmal Lifestyle Mall,,,,,022-66432570,,,,http://levi.in
Levis,Mumbai ,Levis,R Mall,,,,,022-25620239,,,,http://levi.in
Levis,Mumbai ,Levis,"Shop No.17, Cushrow Baug, Colaba Causeway, S.B Road, Near Electric House",,,18.916989,72.827188,022-22840744,,,,http://levi.in
Levis,Mumbai ,Levis,K Star Mall,,,,,,,,,http://levi.in
Levis,Mumbai ,Levis,Mega Mall,,,,,022-26335999,,,,http://levi.in
Levis,Mumbai ,Levis,"Link Rose,Linking road",,,19.077605,72.834712,022-59774529,,,,http://levi.in
Levis,Mumbai ,Levis,"G-101, F-101, Link Rose, Plot No.63E, Linking Rd, Vithal Das Nagar Housing Colony",,,19.077597,72.834639,022-67082029,,,,http://levi.in
Levis,Mumbai ,Levis,"Shop No.3, Ground Floor, Awishkar Tower, Lokmanya Tilak Road",,,19.230325,72.853282,022-28935657,,,,http://levi.in
Levis,Mumbai ,Levis,"33 Ground Floor, Malabar View,N A Purandare Road,",,,18.954991,72.814387, 022-23673261,,,,http://levi.in
