name,city,brand,mall,floor,contactno,description,email,workinghoursfrom,workinghoursto,shopclosedon
Pepe Jeans,Mumbai,Pepe Jeans,R City Mall,1st,,,pepe@pepejeans.com,,,
Pepe Jeans,Delhi NCR,Pepe Jeans,Ansal Plaza,,,,pepe@pepejeans.com,,,
Pepe Jeans,Ahmedabad,Pepe Jeans,Alpha One Mall,,,,pepe@pepejeans.com,,,
Pepe Jeans,Kolkata,Pepe Jeans,Forum Mall,,,,pepe@pepejeans.com,,,
Pepe Jeans,Hyderabad,Pepe Jeans,Inorbit Mall,,,,pepe@pepejeans.com,,,
Pepe Jeans,Pune,Pepe Jeans,Inorbit Mall,,,,pepe@pepejeans.com,,,
Pepe Jeans,Chennai,Pepe Jeans,Ramee Mall,,,,pepe@pepejeans.com,,,
Pepe Jeans,Bangalore,Pepe Jeans,Inorbit Mall,,,,pepe@pepejeans.com,,,
